,Prediction,Actual
0,3,3
1,1,2
2,0,0
3,0,0
4,1,1
5,3,3
6,1,1
7,1,1
8,1,1
9,0,0
10,9,9
11,0,0
12,0,0
13,2,1
14,1,1
15,1,1
16,1,1
17,0,0
18,0,0
19,1,2
20,1,1
21,1,0
22,0,0
23,0,0
24,0,0
25,2,2
26,2,2
27,0,0
28,1,1
29,0,0
30,9,9
31,3,3
32,0,0
33,0,0
34,0,9
35,0,0
36,0,0
37,0,0
38,0,0
39,0,0
40,0,0
41,0,0
42,0,0
43,0,0
44,0,0
45,2,1
46,0,0
47,0,0
48,2,1
49,2,1
50,0,0
51,0,0
52,1,1
53,0,0
54,0,0
55,3,3
56,0,0
57,0,0
58,3,3
59,1,2
60,0,0
61,0,0
62,2,2
63,0,0
64,0,0
65,0,0
66,0,0
67,1,1
68,3,3
69,0,0
70,2,1
71,1,0
72,0,0
73,3,4
74,2,2
75,0,0
76,1,2
77,1,1
78,2,1
79,1,2
80,1,1
81,2,2
82,2,3
83,3,3
84,0,0
85,1,2
86,3,3
87,1,1
88,2,2
89,1,1
90,0,0
91,2,1
92,1,0
93,3,4
94,1,2
95,0,0
96,2,1
97,0,0
98,0,0
99,2,2
100,1,1
101,0,0
102,1,1
103,0,0
104,1,2
105,0,0
106,0,0
107,0,0
108,2,1
109,0,0
110,1,1
111,0,1
112,2,2
113,0,0
114,0,0
115,1,1
116,1,2
117,2,2
118,2,1
119,0,0
120,0,0
121,1,1
122,1,1
123,3,3
124,0,0
125,0,0
126,0,0
127,0,0
128,0,0
129,0,0
130,9,9
131,3,4
132,1,2
133,0,0
134,0,0
135,0,0
136,1,3
137,0,0
138,0,0
139,0,0
140,1,1
141,2,2
142,2,1
143,0,0
144,1,1
145,0,0
146,1,3
147,2,2
148,0,0
149,2,2
150,1,1
151,0,0
152,1,1
153,0,0
154,3,3
155,1,5
156,1,2
157,1,1
158,0,0
159,1,1
160,2,1
161,1,2
162,0,0
163,0,0
164,0,0
165,0,0
166,3,3
167,0,0
168,3,3
169,1,2
170,2,1
171,0,0
172,0,0
173,0,0
174,0,0
175,1,2
176,0,0
177,0,0
178,1,2
179,9,1
180,1,2
181,0,0
182,0,0
183,0,0
184,0,0
185,1,1
186,0,0
187,0,0
188,0,0
189,1,1
190,3,3
191,0,0
192,1,1
193,0,0
194,0,0
195,0,0
196,3,3
197,3,3
198,1,2
199,0,0
200,0,0
201,0,0
202,1,1
203,0,3
204,3,3
205,3,3
206,1,1
207,3,3
208,1,1
209,0,0
210,1,2
211,1,2
212,0,0
213,0,0
214,0,0
215,2,1
216,0,0
217,0,0
218,0,0
219,0,0
220,0,0
221,2,2
222,3,4
223,0,0
224,0,0
225,0,0
226,1,2
227,1,1
228,1,1
229,0,0
230,1,2
231,3,3
232,1,1
233,0,0
234,0,0
235,0,0
236,0,0
237,0,0
238,0,0
239,0,1
240,1,1
241,0,0
242,1,1
243,1,1
244,2,2
245,0,0
246,0,0
247,3,1
248,1,2
249,1,1
250,0,0
251,1,1
252,1,1
253,1,2
254,0,0
255,1,1
256,3,3
257,0,0
258,0,0
259,0,0
260,1,1
261,0,0
262,0,0
263,3,3
264,1,1
265,1,1
266,2,1
267,1,1
268,1,1
269,2,2
270,0,0
271,1,1
272,3,3
273,0,0
274,1,1
275,0,0
276,2,2
277,0,0
278,0,0
279,0,0
280,0,0
281,1,1
282,2,2
283,1,1
284,1,2
285,0,0
286,0,0
287,0,0
288,0,0
289,0,0
290,0,0
291,2,3
292,1,2
293,1,2
294,0,0
295,3,3
296,1,1
297,0,0
298,2,1
299,0,0
300,3,4
301,1,2
302,1,1
303,1,2
304,1,1
305,3,3
306,2,1
307,0,1
308,1,1
309,1,1
310,1,1
311,3,3
312,0,0
313,0,0
314,2,2
315,0,0
316,0,0
317,1,1
318,3,3
319,3,3
320,0,0
321,3,3
322,1,1
323,2,1
324,2,2
325,0,0
326,1,2
327,1,3
328,0,0
329,2,2
330,0,0
331,0,0
332,1,2
333,3,1
334,1,1
335,3,3
336,0,0
337,3,3
338,1,2
339,0,0
340,0,0
341,0,0
342,0,0
343,0,0
344,0,0
345,0,0
346,4,3
347,0,0
348,1,1
349,1,1
350,0,0
351,2,2
352,0,0
353,0,0
354,1,4
355,0,0
356,1,1
357,0,0
358,0,0
359,0,0
360,2,2
361,0,0
362,3,3
363,1,1
364,2,2
365,0,0
366,2,1
367,1,2
368,3,2
369,0,0
370,2,1
371,0,0
372,3,3
373,0,0
374,0,0
375,0,0
376,1,1
377,0,0
378,0,0
379,0,0
380,0,0
381,0,0
382,1,1
383,0,0
384,1,1
385,0,0
386,0,0
387,2,2
388,2,1
389,0,0
390,1,1
391,0,0
392,0,0
393,9,9
394,2,1
395,0,0
396,0,0
397,1,1
398,0,0
399,0,0
400,1,1
401,0,0
402,0,0
403,3,3
404,0,0
405,3,3
406,4,4
407,0,0
408,0,1
409,2,2
410,3,1
411,1,2
412,0,0
413,0,0
414,0,0
415,3,2
416,0,0
417,1,1
418,0,0
419,1,1
420,0,0
421,2,2
422,2,2
423,1,1
424,2,1
425,3,3
426,1,2
427,0,0
428,1,1
429,2,2
430,1,1
431,0,0
432,1,2
433,0,0
434,0,0
435,0,0
436,1,3
437,0,0
438,0,0
439,1,2
440,0,0
441,2,2
442,0,0
443,0,0
444,1,1
445,4,3
446,0,0
447,1,1
448,3,3
449,1,1
450,0,0
451,4,4
452,1,1
453,0,0
454,2,3
455,9,9
456,3,3
457,1,1
458,1,1
459,1,2
460,3,3
461,3,3
462,0,0
463,0,0
464,0,0
465,1,1
466,3,3
467,0,0
468,1,2
469,9,0
470,2,2
471,0,0
472,0,0
473,1,1
474,1,2
475,0,0
476,0,0
477,1,1
478,1,1
479,2,2
480,0,0
481,2,1
482,0,0
483,0,0
484,0,0
485,0,0
486,1,2
487,0,0
488,1,2
489,1,1
490,0,0
491,0,0
492,1,1
493,0,0
494,2,1
495,3,3
496,2,2
497,0,0
498,0,0
499,1,1
500,0,0
501,0,0
502,2,2
503,1,1
504,0,0
505,1,1
506,0,0
507,2,3
508,0,0
509,0,0
510,0,0
511,2,1
512,1,2
513,3,3
514,0,1
515,0,0
516,0,0
517,1,0
518,1,1
519,1,1
520,0,0
521,0,0
522,2,2
523,1,1
524,0,0
525,0,0
526,0,0
527,1,2
528,1,2
529,0,0
530,0,0
531,0,0
532,0,0
533,0,0
534,3,3
535,1,1
536,0,0
537,3,3
538,1,2
539,3,3
540,1,0
541,2,2
542,3,3
543,1,1
544,1,5
545,0,0
546,1,2
547,3,3
548,0,0
549,3,3
550,0,9
551,0,0
552,0,0
553,2,2
554,1,1
555,0,0
556,0,0
557,2,2
558,0,0
559,0,0
560,1,1
561,1,1
562,3,4
563,2,2
564,0,0
565,0,0
566,0,0
567,0,0
568,0,0
569,2,2
570,0,0
571,0,0
572,0,0
573,1,1
574,0,0
575,0,0
576,1,1
577,1,1
578,0,0
579,0,0
580,0,0
581,2,1
582,4,4
583,1,0
584,3,3
585,2,2
586,2,3
587,3,3
588,0,0
589,3,3
590,0,0
591,0,0
592,0,0
593,0,1
594,3,3
595,1,1
596,0,0
597,2,3
598,1,0
599,0,0
600,0,2
601,0,0
602,2,2
603,0,0
604,1,1
605,0,9
606,1,1
607,0,0
608,1,3
609,1,2
610,1,1
611,0,0
612,0,0
613,2,1
614,2,1
615,0,0
616,2,1
617,0,0
618,3,3
619,0,0
620,0,0
621,1,1
622,2,2
623,0,0
624,0,0
625,0,0
626,3,3
627,3,3
628,0,0
629,1,1
630,2,4
631,0,0
632,1,2
633,3,3
634,0,0
635,1,1
636,2,1
637,2,2
638,0,0
639,1,0
640,1,1
641,0,0
642,0,0
643,1,1
644,1,1
645,0,0
646,0,0
647,1,1
648,0,0
649,0,0
650,2,3
651,3,4
652,0,0
653,0,0
654,2,2
655,2,2
656,2,2
657,0,0
658,0,0
659,1,1
660,2,2
661,0,0
662,0,0
663,3,3
664,1,2
665,0,0
666,2,1
667,1,1
668,0,0
669,1,1
670,0,0
671,2,3
672,3,3
673,0,0
674,0,0
675,2,2
676,1,1
677,1,2
678,0,0
679,0,0
680,1,1
681,0,0
682,0,0
683,1,1
684,0,0
685,3,3
686,0,0
687,3,3
688,0,0
689,0,0
690,1,1
691,1,1
692,3,3
693,0,0
694,1,1
695,1,1
696,0,0
697,1,0
698,1,1
699,0,0
700,2,1
701,1,1
702,0,0
703,0,0
704,0,0
705,2,2
706,0,0
707,3,3
708,1,1
709,0,0
710,0,0
711,0,0
712,0,0
713,0,0
714,4,4
715,0,0
716,0,9
717,1,1
718,1,1
719,0,0
720,1,2
721,3,3
722,0,0
723,1,1
724,0,0
725,1,1
726,1,1
727,0,0
728,0,0
729,2,2
730,1,1
731,0,0
732,2,2
733,1,1
734,0,0
735,0,0
736,0,0
737,3,4
738,0,0
739,1,1
740,0,0
741,0,0
742,3,4
743,1,1
744,3,4
745,0,0
746,0,0
747,0,0
748,0,0
749,2,2
750,0,0
751,3,3
752,0,1
753,0,0
754,0,2
755,2,2
756,0,0
757,0,0
758,2,2
759,0,0
760,0,0
761,0,0
762,2,2
763,2,2
764,2,2
765,2,1
766,2,2
767,1,1
768,0,0
769,1,1
770,0,0
771,0,0
772,0,0
773,0,0
774,0,0
775,2,1
776,3,4
777,0,0
778,0,0
779,0,0
780,2,1
781,3,3
782,1,1
783,1,1
784,1,1
785,1,1
786,0,0
787,3,3
788,1,2
789,0,0
790,2,3
791,0,0
792,1,1
793,2,2
794,1,1
795,0,2
796,0,0
797,1,1
798,2,2
799,0,0
800,0,0
801,0,0
802,1,2
803,9,9
804,0,0
805,1,1
806,2,2
807,1,1
808,0,0
809,3,3
810,0,0
811,1,1
812,0,0
813,3,3
814,0,0
815,0,0
816,0,0
817,0,0
818,1,2
819,2,0
820,2,2
821,3,3
822,0,0
823,1,1
824,1,1
825,0,0
826,1,2
827,0,0
828,1,0
829,1,1
830,0,0
831,0,0
832,0,0
833,0,1
834,1,1
835,0,0
836,2,2
837,2,2
838,3,3
839,2,2
840,0,0
841,2,2
842,0,0
843,1,1
844,2,0
845,1,1
846,1,1
847,0,1
848,1,2
849,0,0
850,0,0
851,3,1
852,1,2
853,0,0
854,2,1
855,0,0
856,0,0
857,0,0
858,0,0
859,0,0
860,1,1
861,0,0
862,0,0
863,3,2
864,1,3
865,2,1
866,1,1
867,0,0
868,0,0
869,2,1
870,1,2
871,1,1
872,0,0
873,1,1
874,0,0
875,0,0
876,2,2
877,0,0
878,3,3
879,2,2
880,0,0
881,3,3
882,0,0
883,0,0
884,0,0
885,0,0
886,0,0
887,0,0
888,0,0
889,1,1
890,1,2
891,0,0
892,0,0
893,1,1
894,0,0
895,2,2
896,0,0
897,1,2
898,0,0
899,3,2
900,0,0
901,0,0
902,0,0
903,0,0
904,1,1
905,0,0
906,1,1
907,9,9
908,1,2
909,2,2
910,0,0
911,0,0
912,0,0
913,1,1
914,1,1
915,1,0
916,2,2
917,0,0
918,3,3
919,0,0
920,0,2
921,2,2
922,0,0
923,0,0
924,0,0
925,3,2
926,1,1
927,0,0
928,3,3
929,2,2
930,0,0
931,0,0
932,1,1
933,1,2
934,3,3
935,1,1
936,1,1
937,2,2
938,1,1
939,3,4
940,2,2
941,0,0
942,0,0
943,0,0
944,0,0
945,0,0
946,3,3
947,2,1
948,0,0
949,2,2
950,2,1
951,1,1
952,0,0
953,0,0
954,0,0
955,2,1
956,0,0
957,3,3
958,1,1
959,0,0
960,0,0
961,3,3
962,2,3
963,2,1
964,0,0
965,0,0
966,0,1
967,3,3
968,2,2
969,0,0
970,1,1
971,0,0
972,0,0
973,1,2
974,0,0
975,0,0
976,0,0
977,1,1
978,0,0
979,0,0
980,0,0
981,2,2
982,3,2
983,0,0
984,0,0
985,1,1
986,1,1
987,2,2
988,0,0
989,1,1
990,0,0
991,1,1
992,0,0
993,2,2
994,3,3
995,3,3
996,1,1
997,1,2
998,1,2
999,0,0
1000,0,0
1001,0,0
1002,3,4
1003,0,0
1004,2,1
1005,1,1
1006,0,0
1007,2,2
1008,1,1
1009,0,0
1010,0,0
1011,0,0
1012,1,1
1013,0,0
1014,0,0
1015,1,2
1016,1,1
1017,9,9
1018,0,0
1019,3,3
1020,1,1
1021,0,0
1022,1,2
1023,0,0
1024,1,9
1025,0,0
1026,1,1
1027,3,4
1028,0,0
1029,2,2
1030,0,0
1031,1,0
1032,0,0
1033,0,0
1034,3,2
1035,2,1
1036,1,1
1037,0,0
1038,0,0
1039,1,1
1040,3,3
1041,1,1
1042,3,3
1043,0,0
1044,3,4
1045,0,0
1046,1,1
1047,1,1
1048,4,3
1049,0,0
1050,0,0
1051,1,1
1052,1,1
1053,1,1
1054,0,0
1055,3,3
1056,0,0
1057,0,0
1058,3,3
1059,1,1
1060,0,0
1061,0,0
1062,3,3
1063,1,2
1064,2,1
1065,0,0
1066,0,0
1067,0,0
1068,1,1
1069,0,0
1070,1,1
1071,0,9
1072,0,0
1073,0,0
1074,1,1
1075,1,1
1076,0,0
1077,0,0
1078,0,0
1079,0,0
1080,0,0
1081,0,0
1082,3,3
1083,0,0
1084,0,0
1085,2,3
1086,0,0
1087,3,3
1088,1,1
1089,0,0
1090,0,0
1091,1,2
1092,3,2
1093,2,2
1094,1,1
1095,3,3
1096,1,1
1097,1,2
1098,3,3
1099,0,0
1100,0,0
1101,1,2
1102,0,0
1103,0,0
1104,2,2
1105,0,0
1106,1,1
1107,0,0
1108,1,1
1109,2,3
1110,0,0
1111,2,2
1112,0,0
1113,1,2
1114,1,1
1115,1,1
1116,0,0
1117,1,0
1118,1,2
1119,0,0
1120,3,3
1121,1,1
1122,1,1
1123,0,0
1124,3,3
1125,3,3
1126,2,1
1127,2,2
1128,1,1
1129,1,1
1130,0,0
1131,3,3
1132,3,3
1133,2,1
1134,9,9
1135,1,1
1136,3,3
1137,0,0
1138,1,1
1139,1,2
1140,0,0
1141,0,0
1142,2,2
1143,0,0
1144,0,0
1145,9,9
1146,0,0
1147,1,2
1148,0,0
1149,2,2
1150,3,3
1151,0,0
1152,1,1
1153,3,3
1154,0,0
1155,0,0
1156,0,0
1157,0,0
1158,0,0
1159,3,3
1160,0,0
1161,2,2
1162,0,0
1163,0,0
1164,1,1
1165,0,0
1166,2,1
1167,0,0
1168,1,1
1169,0,0
1170,0,0
1171,0,0
1172,1,0
1173,0,0
1174,1,1
1175,0,0
1176,3,3
1177,0,0
1178,3,3
1179,2,3
1180,1,1
1181,0,0
1182,1,3
1183,0,0
1184,1,1
1185,0,2
1186,0,0
1187,3,3
1188,0,3
1189,1,2
1190,3,3
1191,1,1
1192,1,1
1193,1,3
1194,0,0
1195,0,0
1196,2,2
1197,0,0
1198,0,0
1199,2,2
1200,1,1
1201,1,1
1202,1,1
1203,0,0
1204,0,0
1205,0,0
1206,3,3
1207,1,1
1208,0,1
1209,0,0
1210,0,0
1211,1,1
1212,0,0
1213,1,1
1214,0,0
1215,0,0
1216,0,0
1217,1,1
1218,0,0
1219,1,2
1220,1,1
1221,3,3
1222,1,2
1223,0,0
1224,0,0
1225,0,0
1226,0,0
1227,1,1
1228,1,0
1229,1,3
1230,2,2
1231,1,1
1232,0,0
1233,3,2
1234,0,0
1235,3,2
1236,0,0
1237,2,2
1238,0,0
1239,2,1
1240,0,0
1241,1,2
1242,0,0
1243,1,1
1244,1,1
1245,1,1
1246,0,0
1247,0,0
1248,3,3
1249,0,0
1250,0,0
1251,2,2
1252,0,0
1253,0,0
1254,0,0
1255,0,0
1256,3,3
1257,0,0
1258,1,0
1259,0,0
1260,0,0
1261,3,3
1262,2,2
1263,2,2
1264,0,0
1265,2,1
1266,0,0
1267,0,0
1268,2,3
1269,0,0
1270,0,0
1271,2,2
1272,0,0
1273,0,0
1274,1,1
1275,3,3
1276,0,0
1277,1,1
1278,0,0
1279,0,0
1280,1,1
1281,1,1
1282,2,2
1283,0,0
1284,1,1
1285,0,0
1286,1,1
1287,1,2
1288,0,0
1289,3,3
1290,3,3
1291,0,0
1292,2,2
1293,0,0
1294,1,2
1295,0,0
1296,0,0
1297,0,0
1298,2,1
1299,0,0
1300,0,0
1301,1,1
1302,2,2
1303,0,0
1304,2,1
1305,1,1
1306,0,0
1307,3,3
1308,1,1
1309,0,0
1310,2,1
1311,2,1
1312,2,2
1313,1,1
1314,0,0
1315,0,0
1316,0,0
1317,0,0
1318,1,2
1319,1,1
1320,2,2
1321,0,0
1322,3,4
1323,0,0
1324,0,0
1325,0,0
1326,3,3
1327,3,3
1328,3,3
1329,0,0
1330,0,0
1331,1,1
1332,0,0
1333,0,0
1334,0,3
1335,0,0
1336,0,0
1337,0,0
1338,0,0
1339,1,1
1340,1,1
1341,0,0
1342,1,1
1343,3,3
1344,3,3
1345,1,2
1346,0,0
1347,1,2
1348,1,1
1349,0,0
1350,1,1
1351,0,0
1352,0,0
1353,0,0
1354,3,3
1355,1,1
1356,1,1
1357,0,0
1358,0,0
1359,0,0
1360,3,3
1361,0,0
1362,0,0
1363,3,3
1364,0,0
1365,0,0
1366,3,4
1367,3,1
1368,0,0
1369,3,3
1370,0,0
1371,1,1
1372,1,2
1373,0,0
1374,0,0
1375,0,0
1376,3,3
1377,0,0
1378,1,1
1379,2,2
1380,2,2
1381,1,1
1382,2,2
1383,0,0
1384,0,0
1385,1,1
1386,1,1
1387,1,1
1388,1,2
1389,0,0
1390,0,0
1391,0,0
1392,1,2
1393,1,1
1394,3,3
1395,0,0
1396,0,0
1397,0,0
1398,0,0
1399,0,0
1400,3,3
1401,0,0
1402,1,0
1403,1,1
1404,0,0
1405,0,0
1406,3,2
1407,0,0
1408,0,0
1409,1,2
1410,2,1
1411,1,1
1412,0,0
1413,2,3
1414,2,1
1415,0,0
1416,1,2
1417,0,1
1418,2,1
1419,0,0
1420,0,0
1421,2,1
1422,0,0
1423,1,3
1424,0,0
1425,0,0
1426,2,2
1427,0,0
1428,2,1
1429,2,2
1430,1,2
1431,1,1
1432,0,0
1433,1,1
1434,1,2
1435,0,0
1436,3,3
1437,1,2
1438,1,1
1439,0,0
1440,0,0
1441,2,2
1442,0,0
1443,1,1
1444,0,0
1445,0,0
1446,0,0
1447,2,2
1448,0,0
1449,1,2
1450,1,2
1451,3,2
1452,1,2
1453,1,3
1454,0,0
1455,1,2
1456,3,2
1457,1,3
1458,2,1
1459,0,0
1460,1,2
1461,0,0
1462,1,1
1463,1,1
1464,2,1
1465,0,0
1466,1,1
1467,0,0
1468,2,2
1469,1,1
1470,1,2
1471,2,2
1472,3,3
1473,3,4
1474,3,3
1475,1,1
1476,1,1
1477,1,2
1478,2,2
1479,0,0
1480,0,0
1481,0,0
1482,0,0
1483,1,1
1484,1,1
1485,0,0
1486,0,0
1487,0,0
1488,0,0
1489,1,1
1490,0,0
1491,0,0
1492,0,0
1493,1,1
1494,0,0
1495,1,1
1496,0,0
1497,0,0
1498,3,3
1499,0,0
1500,1,0
1501,3,4
1502,0,0
1503,1,2
1504,4,4
1505,0,0
1506,0,0
1507,1,0
1508,0,0
1509,0,0
1510,1,2
1511,0,0
1512,0,0
1513,0,0
1514,0,0
1515,2,2
1516,0,0
1517,1,1
1518,0,0
1519,0,0
1520,1,1
1521,2,2
1522,0,0
1523,0,0
1524,2,1
1525,1,1
1526,2,1
1527,3,3
1528,0,0
1529,0,0
1530,0,0
1531,0,0
1532,1,2
1533,9,9
1534,1,1
1535,0,0
1536,2,1
1537,0,0
1538,0,0
1539,0,0
1540,0,0
1541,1,1
1542,9,0
1543,3,3
1544,2,1
1545,2,1
1546,0,0
1547,1,1
1548,1,1
1549,1,1
1550,2,3
1551,1,1
1552,2,2
1553,1,2
1554,1,1
1555,1,1
1556,0,0
1557,0,0
1558,0,0
1559,2,2
1560,1,1
1561,1,3
1562,3,4
1563,0,0
1564,3,3
1565,2,2
1566,2,1
1567,0,0
1568,2,1
1569,0,0
1570,1,1
1571,3,3
1572,0,0
1573,0,0
1574,0,0
1575,3,3
1576,0,0
1577,0,0
1578,0,0
1579,0,0
1580,0,0
1581,3,4
1582,1,1
1583,3,3
1584,0,0
1585,0,0
1586,2,2
1587,2,3
1588,3,4
1589,1,2
1590,1,1
1591,1,1
1592,0,0
1593,1,2
1594,1,1
1595,1,1
1596,3,3
1597,0,0
1598,3,3
1599,0,0
1600,0,0
1601,2,2
1602,1,3
1603,2,2
1604,2,2
1605,3,3
1606,0,0
1607,0,0
1608,0,0
1609,1,1
1610,0,0
1611,1,1
1612,0,0
1613,3,3
1614,0,0
1615,0,0
1616,2,2
1617,1,1
1618,2,2
1619,2,2
1620,0,0
1621,0,0
1622,0,0
1623,1,2
1624,0,0
1625,3,3
1626,3,3
1627,0,0
1628,3,4
1629,3,3
1630,0,0
1631,1,2
1632,3,3
1633,0,0
1634,3,3
1635,0,0
1636,0,0
1637,1,2
1638,0,0
1639,0,0
1640,3,3
1641,0,0
1642,1,2
1643,2,2
1644,4,4
1645,0,0
1646,1,1
1647,2,2
1648,1,1
1649,0,0
1650,3,3
1651,0,0
1652,9,9
1653,0,0
1654,2,2
1655,0,0
1656,0,0
1657,0,0
1658,0,0
1659,0,0
1660,0,0
1661,2,1
1662,1,1
1663,0,0
1664,0,0
1665,0,0
1666,0,0
1667,1,3
1668,1,2
1669,0,0
1670,0,0
1671,0,0
1672,0,0
1673,0,0
1674,1,0
1675,0,0
1676,0,0
1677,1,1
1678,0,0
1679,2,1
1680,1,1
1681,3,3
1682,3,3
1683,0,0
1684,0,0
1685,0,0
1686,2,2
1687,1,2
1688,0,0
1689,0,0
1690,1,2
1691,1,1
1692,1,2
1693,2,2
1694,2,2
1695,0,0
1696,0,0
1697,0,0
1698,0,0
1699,0,0
1700,2,1
1701,0,0
1702,1,1
1703,2,0
1704,0,0
1705,1,1
1706,0,0
1707,0,0
1708,2,1
1709,0,0
1710,0,0
1711,0,0
1712,0,0
1713,1,2
1714,0,0
1715,3,3
1716,3,3
1717,2,1
1718,1,1
1719,0,0
1720,1,1
1721,0,0
1722,1,2
1723,0,0
1724,0,0
1725,2,2
1726,0,0
1727,4,3
1728,0,0
1729,0,0
1730,0,0
1731,0,0
1732,1,1
1733,2,1
1734,3,3
1735,1,2
1736,0,0
1737,3,3
1738,0,0
1739,0,0
1740,1,1
1741,0,0
1742,0,0
1743,1,1
1744,1,3
1745,1,2
1746,3,3
1747,0,0
1748,0,0
1749,3,4
1750,1,1
1751,1,1
1752,1,1
1753,2,2
1754,1,1
1755,0,0
1756,2,2
1757,9,9
1758,3,4
1759,1,1
1760,0,0
1761,1,1
1762,1,2
1763,1,1
1764,2,1
1765,3,3
1766,0,0
1767,1,1
1768,0,0
1769,3,3
1770,1,1
1771,1,1
1772,0,0
1773,2,2
1774,0,0
1775,1,2
1776,0,0
1777,1,2
1778,0,0
1779,3,3
1780,0,0
1781,1,1
1782,0,0
1783,9,9
1784,2,2
1785,2,2
1786,1,1
1787,0,0
1788,0,0
1789,1,1
1790,0,0
1791,0,0
1792,0,0
1793,0,0
1794,0,0
1795,0,0
1796,3,3
1797,3,2
1798,0,0
1799,0,0
1800,1,1
1801,1,1
1802,0,0
1803,3,3
1804,0,0
1805,3,4
1806,2,1
1807,1,1
1808,1,1
1809,2,1
1810,1,2
1811,2,3
1812,1,3
1813,0,0
1814,0,0
1815,0,0
1816,3,3
1817,1,1
1818,2,2
1819,2,2
1820,3,3
1821,0,0
1822,1,1
1823,0,0
1824,2,2
1825,0,0
1826,2,3
1827,1,2
1828,3,3
1829,1,1
1830,0,0
1831,0,0
1832,2,2
1833,3,3
1834,1,0
1835,1,1
1836,3,3
1837,0,0
1838,0,0
1839,0,0
1840,0,0
1841,0,0
1842,0,0
1843,2,2
1844,0,0
1845,1,1
1846,1,1
1847,0,0
1848,9,9
1849,0,0
1850,0,0
1851,0,0
1852,1,1
1853,0,0
1854,0,0
1855,2,2
1856,0,0
1857,1,1
1858,0,0
1859,0,0
1860,0,0
1861,3,2
1862,1,1
1863,1,1
1864,0,0
1865,1,2
1866,0,0
1867,0,0
1868,0,0
1869,3,3
1870,3,3
1871,2,2
1872,1,2
1873,0,0
1874,0,0
1875,3,3
1876,1,1
1877,9,0
1878,3,3
1879,1,1
1880,0,0
1881,1,1
1882,0,0
1883,2,2
1884,0,0
1885,0,1
1886,0,0
1887,1,1
1888,5,5
1889,0,0
1890,0,0
1891,0,1
1892,0,0
1893,0,1
1894,1,1
1895,0,1
1896,1,1
1897,0,0
1898,0,0
1899,1,1
1900,0,0
1901,2,5
1902,0,0
1903,0,0
1904,2,2
1905,2,2
1906,2,3
1907,0,0
1908,0,0
1909,0,0
1910,1,1
1911,0,0
1912,0,0
1913,0,0
1914,0,0
1915,0,0
1916,2,2
1917,0,0
1918,0,0
1919,2,1
1920,1,1
1921,2,4
1922,3,3
1923,1,1
1924,3,4
1925,1,2
1926,1,1
1927,1,1
1928,3,3
1929,2,1
1930,1,1
1931,0,0
1932,0,0
1933,1,2
1934,0,0
1935,0,0
1936,4,4
1937,2,2
1938,0,0
1939,1,1
1940,0,0
1941,0,0
1942,0,0
1943,1,3
1944,3,3
1945,4,4
1946,1,1
1947,0,0
1948,3,3
1949,3,3
1950,2,2
1951,1,1
1952,0,0
1953,0,0
1954,1,1
1955,2,2
1956,1,1
1957,1,2
1958,2,1
1959,0,0
1960,2,2
1961,0,0
1962,0,0
1963,1,2
1964,0,0
1965,3,3
1966,0,0
1967,0,0
1968,0,0
1969,0,0
1970,0,0
1971,0,0
1972,1,2
1973,0,2
1974,0,0
1975,2,1
1976,0,0
1977,0,3
1978,0,0
1979,0,0
1980,1,1
1981,0,0
1982,3,3
1983,2,1
1984,0,0
1985,2,3
1986,0,0
1987,0,0
1988,1,1
1989,0,0
1990,1,1
1991,3,3
1992,3,3
1993,3,2
1994,0,0
1995,0,0
1996,1,1
1997,2,1
1998,0,0
1999,2,2
2000,0,2
2001,0,0
2002,1,2
2003,0,0
2004,0,0
2005,1,1
2006,0,0
2007,0,0
2008,0,0
2009,0,0
2010,2,3
2011,2,2
2012,2,4
2013,0,0
2014,3,3
2015,2,2
2016,0,0
2017,1,2
2018,0,0
2019,0,0
2020,0,0
2021,0,0
2022,3,3
2023,1,1
2024,3,3
2025,0,0
2026,0,0
2027,0,0
2028,2,2
2029,2,0
2030,0,0
2031,1,1
2032,1,1
2033,0,1
2034,1,1
2035,1,1
2036,2,2
2037,0,0
2038,0,0
2039,0,0
2040,0,0
2041,3,3
2042,0,0
2043,0,0
2044,0,0
2045,1,1
2046,1,1
2047,0,0
2048,0,0
2049,1,1
2050,0,0
2051,0,0
2052,2,2
2053,0,0
2054,0,0
2055,2,2
2056,0,0
2057,0,1
2058,2,4
2059,3,3
2060,0,0
2061,2,2
2062,3,3
2063,9,9
2064,3,1
2065,1,1
2066,1,1
2067,2,3
2068,0,0
2069,2,2
2070,0,0
2071,0,0
2072,1,1
2073,1,1
2074,2,2
2075,0,0
2076,1,1
2077,2,2
2078,2,2
2079,0,0
2080,0,0
2081,3,2
2082,2,2
2083,0,0
2084,1,1
2085,1,2
2086,0,0
2087,2,1
2088,0,0
2089,0,0
2090,3,2
2091,1,2
2092,0,0
2093,0,0
2094,1,2
2095,4,4
2096,1,1
2097,0,0
2098,0,0
2099,0,0
2100,0,0
2101,2,1
2102,3,3
2103,3,3
2104,0,0
2105,0,0
2106,2,1
2107,0,0
2108,0,0
2109,3,4
2110,2,2
2111,0,0
2112,1,2
2113,1,2
2114,0,0
2115,1,1
2116,0,0
2117,2,3
2118,0,0
2119,0,0
2120,3,4
2121,1,1
2122,1,1
2123,0,0
2124,0,0
2125,0,1
2126,2,1
2127,0,0
2128,2,2
2129,1,0
2130,1,1
2131,0,0
2132,1,2
2133,3,4
2134,0,0
2135,0,0
2136,0,0
2137,0,0
2138,0,0
2139,1,1
2140,1,1
2141,1,2
2142,1,2
2143,1,2
2144,0,0
2145,1,1
2146,0,0
2147,1,2
2148,1,1
2149,1,2
2150,2,2
2151,2,2
2152,1,1
2153,2,2
2154,1,1
2155,0,0
2156,0,0
2157,0,0
2158,0,0
2159,0,0
2160,9,9
2161,2,3
2162,3,3
2163,1,1
2164,3,2
2165,4,4
2166,2,1
2167,2,1
2168,1,2
2169,2,2
2170,2,2
2171,0,0
2172,0,0
2173,3,3
2174,3,4
2175,1,1
2176,3,3
2177,4,4
2178,0,0
2179,0,0
2180,0,0
2181,0,0
2182,1,0
2183,1,1
2184,2,1
2185,1,1
2186,0,0
2187,1,0
2188,0,0
2189,0,0
2190,0,0
2191,0,0
2192,2,2
2193,0,0
2194,0,1
2195,1,2
2196,1,1
2197,0,0
2198,0,0
2199,3,1
2200,0,0
2201,1,1
2202,0,1
2203,1,1
2204,1,1
2205,0,0
2206,0,0
2207,3,3
2208,0,0
2209,0,0
2210,0,0
2211,1,1
2212,0,1
2213,0,0
2214,2,1
2215,1,0
2216,1,1
2217,3,3
2218,0,0
2219,0,0
2220,0,0
2221,1,1
2222,0,0
2223,0,0
2224,0,0
2225,3,3
2226,0,0
2227,2,1
2228,0,0
2229,2,2
2230,2,2
2231,2,2
2232,0,0
2233,4,3
2234,0,0
2235,1,1
2236,0,0
2237,3,3
2238,1,1
2239,0,0
2240,1,1
2241,0,0
2242,1,1
2243,0,0
2244,1,2
2245,0,0
2246,3,3
2247,2,2
2248,3,2
2249,0,0
2250,3,3
2251,1,1
2252,2,4
2253,0,0
2254,0,0
2255,0,0
2256,0,0
2257,2,2
2258,0,0
2259,1,2
2260,0,0
2261,0,0
2262,1,1
2263,0,0
2264,2,2
2265,0,0
2266,0,0
2267,1,1
2268,1,2
2269,0,0
2270,0,0
2271,2,1
2272,0,0
2273,0,0
2274,3,3
2275,3,3
2276,1,2
2277,0,0
2278,0,0
2279,0,0
2280,0,0
2281,0,0
2282,1,1
2283,0,0
2284,0,0
2285,1,1
2286,2,2
2287,1,1
2288,0,0
2289,2,1
2290,3,3
2291,2,1
2292,0,0
2293,1,1
2294,0,0
2295,0,0
2296,1,2
2297,0,0
2298,0,0
2299,0,0
2300,0,0
2301,3,3
2302,1,2
2303,0,0
2304,0,0
2305,1,3
2306,3,3
2307,0,0
2308,1,2
2309,0,0
2310,1,1
2311,2,1
2312,3,3
2313,1,1
2314,0,0
2315,0,0
2316,0,0
2317,1,1
2318,2,1
2319,0,0
2320,3,3
2321,0,0
2322,2,2
2323,0,0
2324,1,1
2325,0,0
2326,0,0
2327,0,0
2328,2,2
2329,1,1
2330,0,0
2331,0,0
2332,1,1
2333,3,1
2334,0,0
2335,1,2
2336,0,0
2337,3,2
2338,1,1
2339,0,0
2340,0,0
2341,1,1
2342,3,3
2343,0,0
2344,3,3
2345,2,2
2346,0,0
2347,2,2
2348,0,0
2349,3,2
2350,0,0
2351,0,2
2352,1,2
2353,0,0
2354,0,0
2355,0,0
2356,0,0
2357,2,2
2358,0,0
2359,3,3
2360,0,0
2361,1,2
2362,2,1
2363,0,0
2364,0,0
2365,0,0
2366,0,0
2367,0,0
2368,0,0
2369,0,0
2370,2,1
2371,0,0
2372,1,5
2373,1,2
2374,0,0
2375,0,0
2376,0,0
2377,0,0
2378,1,1
2379,0,0
2380,1,2
2381,0,0
2382,1,2
2383,0,0
2384,1,0
2385,3,3
2386,1,2
2387,1,1
2388,3,3
2389,0,0
2390,1,1
2391,1,1
2392,1,1
2393,1,3
2394,0,0
2395,3,3
2396,0,0
2397,0,0
2398,0,0
2399,0,0
2400,1,1
2401,1,3
2402,0,0
2403,3,3
2404,0,0
2405,0,0
2406,0,0
2407,0,0
2408,2,2
2409,2,2
2410,0,0
2411,1,1
2412,1,2
2413,2,2
2414,0,0
2415,0,0
2416,2,2
2417,1,1
2418,0,0
2419,0,0
2420,1,1
2421,0,0
2422,1,1
2423,1,2
2424,0,0
2425,1,1
2426,0,0
2427,1,1
2428,0,0
2429,3,3
2430,0,0
2431,1,1
2432,0,0
2433,0,0
2434,0,0
2435,0,0
2436,0,0
2437,3,3
2438,1,2
2439,2,1
2440,0,0
2441,1,2
2442,0,0
2443,2,3
2444,0,0
2445,1,1
2446,1,2
2447,3,3
2448,1,2
2449,0,0
2450,0,0
2451,1,3
2452,0,0
2453,3,3
2454,1,1
2455,1,1
2456,0,0
2457,0,5
2458,0,0
2459,1,1
2460,0,0
2461,1,2
2462,1,2
2463,0,0
2464,2,1
2465,2,2
2466,0,0
2467,0,0
2468,0,0
2469,0,0
2470,0,0
2471,3,3
2472,1,1
2473,0,0
2474,0,0
2475,2,2
2476,1,2
2477,2,1
2478,3,2
2479,0,0
2480,3,3
2481,0,0
2482,1,1
2483,0,2
2484,3,3
2485,1,1
2486,1,2
2487,1,1
2488,1,1
2489,1,2
2490,0,0
2491,0,0
2492,1,1
2493,2,4
2494,3,3
2495,1,2
2496,9,9
2497,0,1
2498,2,1
2499,0,0
2500,1,1
2501,0,0
2502,4,4
2503,2,2
2504,2,1
2505,0,0
2506,1,1
2507,0,0
2508,0,0
2509,0,0
2510,0,0
2511,1,3
2512,0,0
2513,0,0
2514,0,0
2515,0,0
2516,1,2
2517,1,1
2518,0,0
2519,9,9
2520,3,3
2521,0,0
2522,3,3
2523,0,0
2524,1,1
2525,2,2
2526,0,0
2527,0,0
2528,0,0
2529,0,0
2530,0,0
2531,0,0
2532,0,0
2533,0,0
2534,2,2
2535,3,3
2536,2,1
2537,2,3
2538,2,2
2539,2,3
2540,3,3
2541,0,0
2542,0,0
2543,0,0
2544,2,2
2545,0,0
2546,1,1
2547,0,0
2548,0,0
2549,1,1
2550,1,1
2551,0,0
2552,1,1
2553,0,0
2554,3,3
2555,2,1
2556,9,0
2557,1,0
2558,1,3
2559,0,0
2560,2,3
2561,2,2
2562,9,9
2563,0,0
2564,3,3
2565,2,1
2566,0,0
2567,3,3
2568,0,0
2569,2,2
2570,2,1
2571,1,0
2572,0,0
2573,1,1
2574,1,1
2575,1,0
2576,0,0
2577,0,0
2578,2,1
2579,1,1
2580,1,1
2581,1,1
2582,1,2
2583,1,1
2584,2,2
2585,1,1
2586,0,0
2587,1,1
2588,1,1
2589,1,1
2590,0,0
2591,1,1
2592,2,2
2593,0,0
2594,9,9
2595,3,3
2596,2,2
2597,0,0
2598,0,0
2599,1,2
2600,0,0
2601,0,0
2602,0,0
2603,0,1
2604,3,1
2605,0,0
2606,0,0
2607,2,2
2608,3,1
2609,0,0
2610,1,1
2611,2,2
2612,0,0
2613,1,1
2614,3,3
2615,0,0
2616,4,3
2617,2,3
2618,2,2
2619,0,0
2620,1,1
2621,3,2
2622,0,0
2623,0,0
2624,1,1
2625,2,1
2626,3,3
2627,2,1
2628,2,1
2629,1,1
2630,3,3
2631,1,1
2632,0,0
2633,1,1
2634,0,0
2635,9,0
2636,1,1
2637,1,2
2638,0,0
2639,0,0
2640,0,0
2641,3,3
2642,1,1
2643,0,0
2644,0,0
2645,0,0
2646,0,0
2647,1,1
2648,0,0
2649,1,1
2650,1,3
2651,0,0
2652,1,2
2653,1,1
2654,1,1
2655,0,0
2656,3,1
2657,0,0
2658,0,0
2659,1,1
2660,1,1
2661,0,0
2662,2,2
2663,0,0
2664,2,2
2665,0,0
2666,1,1
2667,2,1
2668,1,1
2669,1,1
2670,3,2
2671,0,0
2672,0,0
2673,3,3
2674,0,0
2675,1,1
2676,0,0
2677,1,1
2678,0,0
2679,3,3
2680,0,0
2681,2,1
2682,1,2
2683,1,1
2684,0,0
2685,2,2
2686,0,0
2687,0,0
2688,1,3
2689,1,1
2690,2,1
2691,0,0
2692,0,0
2693,0,0
2694,1,1
2695,2,2
2696,9,9
2697,0,0
2698,2,2
2699,0,0
2700,0,0
2701,1,1
2702,1,1
2703,0,0
2704,3,3
2705,2,2
2706,2,1
2707,0,0
2708,1,1
2709,1,1
2710,1,3
2711,0,0
2712,1,1
2713,2,1
2714,1,1
2715,1,2
2716,3,1
2717,1,1
2718,0,0
2719,0,0
2720,0,0
2721,0,0
2722,0,0
2723,1,1
2724,0,0
2725,0,0
2726,0,0
2727,0,0
2728,2,1
2729,2,2
2730,0,0
2731,0,0
2732,2,1
2733,1,0
2734,3,3
2735,3,3
2736,0,0
2737,3,4
2738,1,1
2739,2,1
2740,0,0
2741,2,2
2742,0,0
2743,1,2
2744,3,4
2745,3,3
2746,1,2
2747,0,0
2748,1,1
2749,0,0
2750,1,1
2751,0,0
2752,0,0
2753,1,1
2754,0,0
2755,1,1
2756,1,1
2757,2,0
2758,0,0
2759,1,1
2760,0,0
2761,0,0
2762,3,3
2763,0,0
2764,0,0
2765,0,0
2766,0,0
2767,0,0
2768,0,0
2769,3,4
2770,3,3
2771,0,0
2772,1,3
2773,0,0
2774,1,2
2775,2,2
2776,2,1
2777,3,1
2778,1,1
2779,3,4
2780,0,0
2781,0,0
2782,0,0
2783,0,0
2784,2,3
2785,0,0
2786,1,1
2787,0,0
2788,0,0
2789,0,0
2790,3,3
2791,0,0
2792,2,2
2793,1,1
2794,2,3
2795,0,0
2796,1,1
2797,1,2
2798,0,0
2799,2,1
2800,0,0
2801,1,2
2802,2,2
2803,2,2
2804,3,3
2805,0,0
2806,0,0
2807,2,2
2808,2,1
2809,3,3
2810,1,2
2811,1,1
2812,0,0
2813,2,1
2814,0,0
2815,0,0
2816,2,1
2817,0,1
2818,3,3
2819,0,0
2820,0,0
2821,2,2
2822,3,3
2823,1,2
2824,0,0
2825,0,1
2826,1,1
2827,1,2
2828,2,3
2829,0,0
2830,3,3
2831,2,1
2832,0,0
2833,0,0
2834,0,0
2835,9,0
2836,0,0
2837,2,0
2838,0,0
2839,0,0
2840,0,0
2841,3,3
2842,1,1
2843,0,9
2844,1,1
2845,0,1
2846,0,0
2847,1,1
2848,2,1
2849,0,0
2850,1,2
2851,0,0
2852,0,0
2853,0,0
2854,3,3
2855,0,0
2856,0,0
2857,0,0
2858,3,4
2859,1,1
2860,1,0
2861,3,3
2862,0,0
2863,2,2
2864,0,0
2865,1,1
2866,1,2
2867,0,0
2868,3,3
2869,1,1
2870,1,1
2871,3,4
2872,2,2
2873,2,1
2874,0,1
2875,3,3
2876,0,0
2877,1,1
2878,0,0
2879,3,3
2880,1,2
2881,3,3
2882,1,1
2883,1,2
2884,0,0
2885,1,1
2886,0,0
2887,3,3
2888,9,9
2889,0,0
2890,0,0
2891,1,2
2892,1,1
2893,0,0
2894,0,0
2895,1,1
2896,0,0
2897,1,1
2898,1,1
2899,3,3
2900,2,1
2901,9,9
2902,3,3
2903,0,0
2904,1,1
2905,0,0
2906,0,1
2907,0,1
2908,0,0
2909,3,4
2910,0,0
2911,2,2
2912,0,0
2913,4,4
2914,1,1
2915,0,0
2916,0,0
2917,1,1
2918,0,0
2919,1,3
2920,3,3
2921,9,9
2922,0,0
2923,1,2
2924,1,0
2925,1,1
2926,0,0
2927,0,0
2928,1,1
2929,0,0
2930,1,1
2931,0,0
2932,0,0
2933,0,0
2934,3,1
2935,0,0
2936,3,3
2937,0,0
2938,1,1
2939,2,2
2940,2,3
2941,1,2
2942,0,0
2943,0,0
2944,0,0
2945,0,0
2946,3,3
2947,2,1
2948,0,0
2949,0,0
2950,0,0
2951,0,0
2952,1,2
2953,2,2
2954,1,1
2955,1,1
2956,3,3
2957,0,0
2958,3,3
2959,0,0
2960,1,1
2961,0,0
2962,0,0
2963,0,0
2964,2,2
2965,0,0
2966,0,0
2967,9,0
2968,0,0
2969,1,1
2970,0,0
2971,1,1
2972,1,1
2973,1,2
2974,1,1
2975,1,1
2976,2,1
2977,0,0
2978,0,0
2979,3,3
2980,0,0
2981,1,1
2982,0,0
2983,1,2
2984,0,0
2985,0,0
2986,1,2
2987,0,0
2988,2,3
2989,0,0
2990,1,0
2991,0,0
2992,0,0
2993,0,0
2994,1,0
2995,0,0
2996,0,0
2997,0,0
2998,0,0
2999,1,1
3000,1,1
3001,1,2
3002,2,2
3003,1,2
3004,0,0
3005,1,1
3006,0,0
3007,0,0
3008,0,0
3009,1,1
3010,0,0
3011,1,1
3012,1,1
3013,0,0
3014,3,3
3015,0,0
3016,2,1
3017,3,3
3018,0,0
3019,2,1
3020,1,2
3021,0,0
3022,0,0
3023,0,0
3024,0,0
3025,0,0
3026,4,4
3027,2,2
3028,0,0
3029,0,0
3030,3,3
3031,1,0
3032,1,1
3033,2,3
3034,0,0
3035,1,2
3036,3,3
3037,1,2
3038,3,4
3039,0,0
3040,1,1
3041,0,0
3042,1,2
3043,3,4
3044,0,0
3045,1,3
3046,0,0
3047,2,1
3048,0,0
3049,0,0
3050,0,0
3051,2,2
3052,2,1
3053,0,0
3054,3,3
3055,0,0
3056,0,0
3057,2,1
3058,3,2
3059,0,0
3060,0,0
3061,0,0
3062,0,0
3063,1,2
3064,0,0
3065,1,2
3066,0,0
3067,0,0
3068,0,2
3069,3,1
3070,0,0
3071,1,1
3072,0,3
3073,2,2
3074,0,0
3075,0,0
3076,1,1
3077,1,1
3078,0,0
3079,3,3
3080,0,0
3081,0,0
3082,3,3
3083,2,2
3084,0,0
3085,0,0
3086,0,0
3087,1,1
3088,1,2
3089,2,1
3090,0,0
3091,0,0
3092,3,3
3093,9,9
3094,0,0
3095,2,2
3096,2,2
3097,1,1
3098,1,1
3099,1,1
3100,0,0
3101,1,3
3102,0,0
3103,1,2
3104,1,1
3105,3,3
3106,0,0
3107,0,0
3108,0,0
3109,0,0
3110,0,0
3111,2,2
3112,1,1
3113,1,1
3114,0,0
3115,0,0
3116,0,0
3117,0,0
3118,1,1
3119,2,2
3120,1,1
3121,0,0
3122,0,0
3123,1,1
3124,0,0
3125,0,0
3126,1,1
3127,3,3
3128,3,3
3129,1,1
3130,0,0
3131,0,0
3132,0,0
3133,0,0
3134,2,2
3135,1,1
3136,0,0
3137,0,0
3138,2,2
3139,0,0
3140,0,0
3141,2,2
3142,2,1
3143,0,0
3144,2,2
3145,2,2
3146,3,3
3147,0,0
3148,1,1
3149,0,0
3150,1,1
3151,2,1
3152,1,1
3153,3,3
3154,0,1
3155,1,1
3156,0,9
3157,3,3
3158,1,2
3159,2,2
3160,2,2
3161,0,9
3162,3,3
3163,3,3
3164,0,0
3165,0,0
3166,0,0
3167,0,0
3168,0,0
3169,0,0
3170,0,0
3171,3,3
3172,0,0
3173,1,1
3174,3,4
3175,1,0
3176,0,0
3177,3,3
3178,0,0
3179,1,0
3180,1,1
3181,0,0
3182,1,1
3183,0,0
3184,2,2
3185,1,1
3186,3,3
3187,0,0
3188,0,0
3189,1,2
3190,3,3
3191,1,2
3192,0,0
3193,1,1
3194,1,1
3195,0,0
3196,0,2
3197,0,0
3198,0,0
3199,0,0
3200,1,9
3201,3,3
3202,1,2
3203,1,2
3204,1,3
3205,0,0
3206,0,0
3207,1,1
3208,0,0
3209,1,2
3210,0,0
3211,1,1
3212,2,2
3213,0,1
3214,2,1
3215,9,9
3216,1,1
3217,0,0
3218,0,0
3219,0,0
3220,0,9
3221,1,1
3222,1,2
3223,0,0
3224,1,2
3225,3,3
3226,0,0
3227,2,1
3228,0,0
3229,0,0
3230,1,1
3231,0,2
3232,0,0
3233,1,2
3234,2,2
3235,0,0
3236,1,1
3237,3,4
3238,1,2
3239,0,0
3240,0,2
3241,2,3
3242,2,2
3243,0,0
3244,1,1
3245,0,0
3246,3,2
3247,3,3
3248,0,0
3249,1,1
3250,0,0
3251,2,2
3252,0,0
3253,1,1
3254,2,3
3255,2,2
3256,0,0
3257,0,0
3258,0,0
3259,2,3
3260,0,0
3261,0,0
3262,1,3
3263,1,1
3264,3,4
3265,0,0
3266,1,1
3267,2,2
3268,0,0
3269,1,1
3270,0,0
3271,2,1
3272,3,2
3273,3,3
3274,1,1
3275,0,0
3276,0,0
3277,1,1
3278,0,0
3279,0,0
3280,1,2
3281,0,0
3282,3,4
3283,0,0
3284,1,1
3285,0,0
3286,0,0
3287,0,0
3288,0,0
3289,1,0
3290,1,1
3291,1,2
3292,0,0
3293,0,0
3294,1,2
3295,1,1
3296,0,0
3297,1,2
3298,3,4
3299,0,0
3300,0,0
3301,0,0
3302,0,0
3303,0,0
3304,0,0
3305,1,1
3306,0,0
3307,3,3
3308,3,4
3309,1,1
3310,1,1
3311,0,0
3312,1,2
3313,0,0
3314,1,1
3315,0,0
3316,0,0
3317,1,1
3318,2,1
3319,0,0
3320,0,0
3321,2,2
3322,0,0
3323,0,0
3324,1,1
3325,2,2
3326,1,2
3327,0,0
3328,1,1
3329,1,4
3330,1,1
3331,2,1
3332,0,0
3333,3,3
3334,3,3
3335,3,3
3336,1,1
3337,1,2
3338,0,0
3339,0,0
3340,0,0
3341,0,0
3342,1,2
3343,3,4
3344,3,3
3345,0,0
3346,0,0
3347,0,0
3348,1,2
3349,0,0
3350,3,3
3351,2,2
3352,0,0
3353,1,1
3354,1,1
3355,0,0
3356,0,0
3357,0,0
3358,1,1
3359,2,1
3360,0,0
3361,2,2
3362,0,0
3363,2,1
3364,0,0
3365,0,0
3366,2,2
3367,2,1
3368,0,0
3369,3,3
3370,0,0
3371,1,1
3372,2,1
3373,4,4
3374,2,2
3375,3,3
3376,1,1
3377,1,1
3378,2,2
3379,2,2
3380,3,3
3381,0,0
3382,1,1
3383,2,2
3384,1,1
3385,0,0
3386,2,3
3387,0,0
3388,0,0
3389,0,0
3390,2,2
3391,0,0
3392,0,0
3393,1,2
3394,1,1
3395,0,0
3396,1,3
3397,0,0
3398,0,0
3399,3,4
3400,1,1
3401,1,1
3402,3,1
3403,0,0
3404,1,1
3405,1,1
3406,1,1
3407,1,1
3408,0,0
3409,0,0
3410,0,0
3411,0,0
3412,1,1
3413,2,2
3414,0,0
3415,0,0
3416,0,0
3417,2,1
3418,0,0
3419,3,2
3420,1,1
3421,0,0
3422,0,0
3423,2,2
3424,1,1
3425,3,3
3426,0,0
3427,0,0
3428,1,2
3429,1,2
3430,0,0
3431,0,0
3432,0,0
3433,0,0
3434,1,2
3435,0,0
3436,0,0
3437,2,1
3438,1,1
3439,0,0
3440,2,2
3441,0,0
3442,0,0
3443,0,0
3444,0,0
3445,2,2
3446,0,0
3447,0,0
3448,0,0
3449,3,2
3450,0,0
3451,0,0
3452,0,0
3453,1,1
3454,1,3
3455,0,0
3456,1,2
3457,0,0
3458,0,0
3459,1,2
3460,3,3
3461,0,0
3462,2,1
3463,3,2
3464,0,0
3465,4,4
3466,2,1
3467,1,1
3468,3,3
3469,0,0
3470,0,0
3471,0,0
3472,0,0
3473,0,0
3474,0,0
3475,0,0
3476,0,0
3477,4,4
3478,2,1
3479,3,2
3480,1,2
3481,0,0
3482,1,0
3483,3,3
3484,0,0
3485,1,2
3486,0,0
3487,2,1
3488,2,1
3489,0,0
3490,1,1
3491,0,0
3492,0,0
3493,0,0
3494,2,1
3495,1,2
3496,1,2
3497,0,0
3498,3,3
3499,0,0
3500,0,0
3501,3,3
3502,0,0
3503,0,0
3504,2,2
3505,0,0
3506,2,2
3507,1,1
3508,1,1
3509,0,0
3510,3,3
3511,3,3
3512,0,0
3513,0,0
3514,9,9
3515,3,3
3516,2,2
3517,1,2
3518,1,2
3519,0,0
3520,1,1
3521,0,0
3522,0,0
3523,2,1
3524,0,0
3525,2,1
3526,0,0
3527,9,9
3528,3,3
3529,0,0
3530,2,2
3531,1,1
3532,0,0
3533,0,0
3534,0,0
3535,1,2
3536,0,0
3537,1,1
3538,0,0
3539,0,0
3540,2,1
3541,0,0
3542,0,0
3543,0,0
3544,9,3
3545,0,0
3546,3,3
3547,0,0
3548,1,1
3549,0,0
3550,1,2
3551,1,1
3552,0,0
3553,3,3
3554,2,2
3555,0,0
3556,9,9
3557,0,0
3558,1,1
3559,0,0
3560,2,2
3561,3,3
3562,0,0
3563,0,0
3564,2,2
3565,1,1
3566,0,0
3567,3,3
3568,3,3
3569,2,3
3570,1,1
3571,2,2
3572,2,2
3573,0,0
3574,1,0
3575,0,0
3576,0,0
3577,0,0
3578,3,2
3579,1,1
3580,1,1
3581,0,0
3582,3,3
3583,0,0
3584,0,0
3585,0,0
3586,0,0
3587,2,2
3588,0,0
3589,0,0
3590,1,1
3591,0,0
3592,0,0
3593,0,0
3594,3,1
3595,0,0
3596,3,3
3597,1,1
3598,3,3
3599,0,0
3600,1,2
3601,0,0
3602,0,0
3603,0,0
3604,1,0
3605,1,2
3606,1,1
3607,0,0
3608,3,2
3609,1,1
3610,0,0
3611,3,4
3612,0,1
3613,1,1
3614,0,0
3615,0,0
3616,1,1
3617,1,1
3618,1,1
3619,2,2
3620,4,4
3621,3,3
3622,2,2
3623,0,0
3624,0,0
3625,1,2
3626,0,0
3627,1,1
3628,1,2
3629,1,0
3630,1,1
3631,0,0
3632,3,3
3633,0,0
3634,1,1
3635,1,2
3636,1,1
3637,0,0
3638,1,1
3639,0,0
3640,0,0
3641,0,0
3642,0,0
3643,0,0
3644,0,0
3645,1,1
3646,1,1
3647,0,0
3648,1,1
3649,3,3
3650,1,1
3651,0,0
3652,0,0
3653,0,0
3654,3,3
3655,0,0
3656,1,2
3657,2,1
3658,9,9
3659,0,1
3660,2,2
3661,3,3
3662,0,0
3663,1,1
3664,2,1
3665,0,0
3666,0,0
3667,0,0
3668,0,0
3669,3,3
3670,2,3
3671,3,4
3672,0,0
3673,2,1
3674,0,0
3675,3,3
3676,0,0
3677,0,0
3678,1,1
3679,2,1
3680,0,0
3681,0,0
3682,2,2
3683,1,1
3684,3,3
3685,1,1
3686,0,0
3687,0,0
3688,0,0
3689,1,1
3690,3,3
3691,2,3
3692,2,2
3693,1,1
3694,0,0
3695,1,2
3696,1,1
3697,1,2
3698,0,0
3699,2,2
3700,0,0
3701,1,1
3702,3,1
3703,1,1
3704,1,1
3705,0,0
3706,1,1
3707,2,3
3708,0,0
3709,0,0
3710,3,3
3711,0,0
3712,0,0
3713,0,0
3714,1,1
3715,0,1
3716,1,1
3717,0,0
3718,2,1
3719,2,1
3720,1,2
3721,0,0
3722,0,0
3723,0,0
3724,0,0
3725,1,1
3726,0,0
3727,0,0
3728,2,1
3729,1,2
3730,3,0
3731,0,0
3732,0,0
3733,1,1
3734,1,2
3735,1,1
3736,0,0
3737,2,2
3738,0,0
3739,2,4
3740,3,4
3741,0,0
3742,2,2
3743,0,0
3744,2,2
3745,1,1
3746,0,0
3747,2,1
3748,0,0
3749,0,0
3750,1,1
3751,0,0
3752,0,0
3753,0,0
3754,0,0
3755,2,2
3756,0,0
3757,1,1
3758,0,0
3759,0,0
3760,3,3
3761,0,0
3762,1,1
3763,1,2
3764,1,1
3765,0,0
3766,1,2
3767,1,1
3768,0,0
3769,3,3
3770,0,0
3771,0,0
3772,1,1
3773,0,0
3774,1,1
3775,2,3
3776,0,0
3777,2,2
3778,0,0
3779,0,0
3780,0,0
3781,1,1
3782,2,1
3783,0,0
3784,0,0
3785,0,0
3786,0,0
3787,0,0
3788,3,3
3789,0,0
3790,3,3
3791,0,0
3792,2,2
3793,0,0
3794,0,0
3795,0,0
3796,3,3
3797,3,3
3798,0,0
3799,0,0
3800,1,2
3801,0,0
3802,3,4
3803,0,0
3804,1,1
3805,0,0
3806,3,3
3807,0,0
3808,2,3
3809,0,0
3810,1,1
3811,1,1
3812,3,2
3813,0,0
3814,0,0
3815,1,1
3816,0,0
3817,0,0
3818,2,2
3819,1,1
3820,3,3
3821,3,3
3822,2,3
3823,3,3
3824,1,2
3825,0,0
3826,3,1
3827,0,0
3828,0,0
3829,3,2
3830,1,1
3831,0,0
3832,1,1
3833,0,0
3834,0,0
3835,0,0
3836,2,2
3837,0,0
3838,0,0
3839,2,4
3840,0,0
3841,3,3
3842,0,0
3843,0,0
3844,2,2
3845,0,0
3846,0,0
3847,0,0
3848,1,1
3849,0,0
3850,0,0
3851,2,0
3852,3,3
3853,0,0
3854,2,5
3855,1,2
3856,1,1
3857,2,2
3858,0,0
3859,2,2
3860,3,3
3861,0,0
3862,0,0
3863,0,0
3864,1,1
3865,1,1
3866,2,1
3867,0,0
3868,3,3
3869,0,0
3870,0,0
3871,0,0
3872,3,2
3873,1,2
3874,0,0
3875,1,1
3876,1,2
3877,1,1
3878,0,0
3879,0,0
3880,1,1
3881,4,4
3882,0,0
3883,0,1
3884,2,2
3885,0,0
3886,3,3
3887,1,0
3888,0,0
3889,0,0
3890,2,2
3891,0,0
3892,1,1
3893,1,1
3894,2,2
3895,2,2
3896,1,1
3897,2,2
3898,3,3
3899,3,3
3900,1,1
3901,3,3
3902,1,2
3903,0,0
3904,1,2
3905,1,1
3906,0,0
3907,1,2
3908,0,0
3909,2,1
3910,1,1
3911,2,1
3912,0,0
3913,0,0
3914,0,0
3915,2,1
3916,0,0
3917,0,0
3918,0,0
3919,2,2
3920,0,1
3921,0,0
3922,0,0
3923,2,1
3924,0,0
3925,0,0
3926,0,0
3927,0,0
3928,0,0
3929,0,0
3930,2,2
3931,0,0
3932,0,0
3933,1,1
3934,0,0
3935,0,0
3936,0,0
3937,1,1
3938,3,3
3939,1,2
3940,1,1
3941,1,1
3942,0,0
3943,0,0
3944,2,2
3945,0,0
3946,0,0
3947,0,0
3948,0,0
3949,0,2
3950,2,1
3951,1,2
3952,2,1
3953,1,1
3954,0,0
3955,0,0
3956,1,1
3957,0,0
3958,0,0
3959,1,0
3960,1,1
3961,2,1
3962,2,1
3963,0,0
3964,0,0
3965,0,0
3966,0,0
3967,9,9
3968,0,0
3969,0,0
3970,3,3
3971,2,2
3972,1,1
3973,1,0
3974,3,1
3975,2,1
3976,1,1
3977,4,4
3978,1,2
3979,0,0
3980,0,0
3981,2,1
3982,0,0
3983,2,2
3984,1,3
